album,artistPrimary,artists,id,songLength,title,year,acousticness,analysis_url,danceability,duration_ms,energy,instrumentalness,key,liveness,loudness,mode,speechiness,tempo,time_signature,track_href,type,uri,valence,genre
Enta da Stage,Black Moon,Black Moon,6Xio661Y2iL7SDKFFOG9cv,270066,Who Got Da Props,1993,0.138,https://api.spotify.com/v1/audio-analysis/6Xio661Y2iL7SDKFFOG9cv,0.805,270067,0.653,0.0,8,0.1,-11.251,0,0.185,100.349,4,https://api.spotify.com/v1/tracks/6Xio661Y2iL7SDKFFOG9cv,audio_features,spotify:track:6Xio661Y2iL7SDKFFOG9cv,0.257,Boom Bap
Dead Serious,Das EFX,Das EFX,5Zo9KsvmGsFHfwA1zlKv6M,295373,Mic Checka,1992,0.0636,https://api.spotify.com/v1/audio-analysis/5Zo9KsvmGsFHfwA1zlKv6M,0.72,295373,0.626,0.0,7,0.114,-13.758,1,0.363,92.224,4,https://api.spotify.com/v1/tracks/5Zo9KsvmGsFHfwA1zlKv6M,audio_features,spotify:track:5Zo9KsvmGsFHfwA1zlKv6M,0.519,Boom Bap
The Sun Rises In The East,Jeru The Damaja,Jeru The Damaja,4kH2kmDkBe2fGIyPQnv3L5,297040,Come Clean - E New Y Radio,1994,0.624,https://api.spotify.com/v1/audio-analysis/4kH2kmDkBe2fGIyPQnv3L5,0.794,297040,0.772,4.07e-05,10,0.114,-13.957,0,0.327,87.546,4,https://api.spotify.com/v1/tracks/4kH2kmDkBe2fGIyPQnv3L5,audio_features,spotify:track:4kH2kmDkBe2fGIyPQnv3L5,0.597,Boom Bap
Illmatic XX,Nas,Nas,5FHXxdJeq1iAE9PjDTEgyd,290573,The World Is Yours,1994,0.274,https://api.spotify.com/v1/audio-analysis/5FHXxdJeq1iAE9PjDTEgyd,0.678,290573,0.794,1.68e-06,10,0.124,-6.186,0,0.14,87.374,4,https://api.spotify.com/v1/tracks/5FHXxdJeq1iAE9PjDTEgyd,audio_features,spotify:track:5FHXxdJeq1iAE9PjDTEgyd,0.54,Boom Bap
Enter The Wu-Tang (36 Chambers) [Expanded Edition],Wu-Tang Clan,Wu-Tang Clan,119c93MHjrDLJTApCVGpvx,252186,C.R.E.A.M.,1993,0.57,https://api.spotify.com/v1/audio-analysis/119c93MHjrDLJTApCVGpvx,0.479,252187,0.549,0.0239,11,0.127,-10.551,0,0.373,180.985,4,https://api.spotify.com/v1/tracks/119c93MHjrDLJTApCVGpvx,audio_features,spotify:track:119c93MHjrDLJTApCVGpvx,0.576,Boom Bap
Return To The 36 Chambers: The Dirty Version,Ol' Dirty Bastard,Ol' Dirty Bastard,3ABG1UQTk0eLYUAeWkmfMi,161400,Shimmy Shimmy Ya,1995,0.097,https://api.spotify.com/v1/audio-analysis/3ABG1UQTk0eLYUAeWkmfMi,0.814,161400,0.481,3.83e-05,0,0.0495,-5.183,1,0.245,96.252,4,https://api.spotify.com/v1/tracks/3ABG1UQTk0eLYUAeWkmfMi,audio_features,spotify:track:3ABG1UQTk0eLYUAeWkmfMi,0.193,Boom Bap
The Best Of Salt-N-Pepa 20th Century Masters The Millennium Collection,Salt-N-Pepa,Salt-N-Pepa,2c7H254xlKoGhmZT194C0T,247400,Shoop,2008,0.0816,https://api.spotify.com/v1/audio-analysis/2c7H254xlKoGhmZT194C0T,0.939,247400,0.72,0.0,0,0.147,-5.565,1,0.216,96.918,4,https://api.spotify.com/v1/tracks/2c7H254xlKoGhmZT194C0T,audio_features,spotify:track:2c7H254xlKoGhmZT194C0T,0.786,Boom Bap
Ready To Die The Remaster,The Notorious B.I.G.,The Notorious B.I.G.,2bXI4Rbw1D7aVeHWLjn1Lb,255893,Machine Gun Funk,1994,0.102,https://api.spotify.com/v1/audio-analysis/2bXI4Rbw1D7aVeHWLjn1Lb,0.841,255893,0.738,0.0235,4,0.0901,-5.317,0,0.3,93.725,4,https://api.spotify.com/v1/tracks/2bXI4Rbw1D7aVeHWLjn1Lb,audio_features,spotify:track:2bXI4Rbw1D7aVeHWLjn1Lb,0.305,Boom Bap
19 Naughty III,Naughty By Nature,Naughty By Nature,1w29UTa5uUvIri2tWtZ12Y,267266,Hip Hop Hooray,1993,0.102,https://api.spotify.com/v1/audio-analysis/1w29UTa5uUvIri2tWtZ12Y,0.862,267267,0.642,0.0,6,0.272,-13.652,0,0.101,99.201,4,https://api.spotify.com/v1/tracks/1w29UTa5uUvIri2tWtZ12Y,audio_features,spotify:track:1w29UTa5uUvIri2tWtZ12Y,0.765,Boom Bap
One for All,Brand Nubian,Brand Nubian,6i4Gu9ogL4kClgBzj3NZ6g,303040,Slow Down,1990,0.0798,https://api.spotify.com/v1/audio-analysis/6i4Gu9ogL4kClgBzj3NZ6g,0.731,303040,0.857,8.8e-06,9,0.0772,-13.358,1,0.19,95.879,4,https://api.spotify.com/v1/tracks/6i4Gu9ogL4kClgBzj3NZ6g,audio_features,spotify:track:6i4Gu9ogL4kClgBzj3NZ6g,0.691,Boom Bap
The Low End Theory,A Tribe Called Quest,A Tribe Called Quest,0301nLjG0ti26rx5ZmfqtP,250133,Scenario - LP Mix,1991,0.112,https://api.spotify.com/v1/audio-analysis/0301nLjG0ti26rx5ZmfqtP,0.795,250133,0.6,0.000171,2,0.111,-14.004,1,0.341,101.78,4,https://api.spotify.com/v1/tracks/0301nLjG0ti26rx5ZmfqtP,audio_features,spotify:track:0301nLjG0ti26rx5ZmfqtP,0.633,Boom Bap
Ill Na Na,Foxy Brown,"Foxy Brown, JAY Z",6Ag4SYLUGFdnJrCwUIb4mT,178600,I'll Be,1996,0.0156,https://api.spotify.com/v1/audio-analysis/6Ag4SYLUGFdnJrCwUIb4mT,0.873,178600,0.597,0.0,11,0.324,-9.161,0,0.417,105.933,4,https://api.spotify.com/v1/tracks/6Ag4SYLUGFdnJrCwUIb4mT,audio_features,spotify:track:6Ag4SYLUGFdnJrCwUIb4mT,0.474,Boom Bap
Livin' Proof,Group Home,Group Home,6PWWyWEnQI5wZOslzWDr8K,272040,Tha Realness,1995,0.234,https://api.spotify.com/v1/audio-analysis/6PWWyWEnQI5wZOslzWDr8K,0.725,272040,0.754,0.0,1,0.0763,-5.191,1,0.368,175.427,4,https://api.spotify.com/v1/tracks/6PWWyWEnQI5wZOslzWDr8K,audio_features,spotify:track:6PWWyWEnQI5wZOslzWDr8K,0.733,Boom Bap
SlaughtaHouse,Masta Ace Incorporated,Masta Ace Incorporated,0teHvRvKNlvAeIznaIBNpZ,282706,Jeep Ass Niguh,1993,0.00573,https://api.spotify.com/v1/audio-analysis/0teHvRvKNlvAeIznaIBNpZ,0.669,282707,0.688,0.0,8,0.965,-11.746,0,0.403,98.059,4,https://api.spotify.com/v1/tracks/0teHvRvKNlvAeIznaIBNpZ,audio_features,spotify:track:0teHvRvKNlvAeIznaIBNpZ,0.691,Boom Bap
Return of the Boom Bap,KRS-One,KRS-One,3Y6XWs8xMlCngyIxNOFnsp,258506,Sound of da Police,1993,0.124,https://api.spotify.com/v1/audio-analysis/3Y6XWs8xMlCngyIxNOFnsp,0.794,258507,0.95,7.71e-05,1,0.133,-8.78,1,0.294,94.984,4,https://api.spotify.com/v1/tracks/3Y6XWs8xMlCngyIxNOFnsp,audio_features,spotify:track:3Y6XWs8xMlCngyIxNOFnsp,0.324,Boom Bap
Hard Or Smooth,Wreckx-N-Effect,Wreckx-N-Effect,4dY4JVC0Q9CwpeZ6JAclIc,312360,Rump Shaker,1992,0.00277,https://api.spotify.com/v1/audio-analysis/4dY4JVC0Q9CwpeZ6JAclIc,0.885,312360,0.81,0.0327,1,0.302,-6.83,1,0.235,102.773,4,https://api.spotify.com/v1/tracks/4dY4JVC0Q9CwpeZ6JAclIc,audio_features,spotify:track:4dY4JVC0Q9CwpeZ6JAclIc,0.247,Boom Bap
The One,Chubb Rock,Chubb Rock,2Y2BMQpevDt8Vr5Cadw4Jn,215533,Just The Two Of Us,1991,0.213,https://api.spotify.com/v1/audio-analysis/2Y2BMQpevDt8Vr5Cadw4Jn,0.856,215533,0.419,0.0,2,0.234,-12.526,1,0.25,90.385,4,https://api.spotify.com/v1/tracks/2Y2BMQpevDt8Vr5Cadw4Jn,audio_features,spotify:track:2Y2BMQpevDt8Vr5Cadw4Jn,0.42,Boom Bap
Doe Or Die,AZ,AZ,0lZWjBImx6kNe3WtOA09Xu,249760,Sugar Hill,1995,0.000693,https://api.spotify.com/v1/audio-analysis/0lZWjBImx6kNe3WtOA09Xu,0.683,249760,0.648,6.29e-06,8,0.0693,-7.332,1,0.188,181.874,4,https://api.spotify.com/v1/tracks/0lZWjBImx6kNe3WtOA09Xu,audio_features,spotify:track:0lZWjBImx6kNe3WtOA09Xu,0.532,Boom Bap
The Big Picture,Big L,Big L,1ZSOShzpHy3rGVkgfc0t8H,129693,98 Freestyle,2016,0.44,https://api.spotify.com/v1/audio-analysis/1ZSOShzpHy3rGVkgfc0t8H,0.608,129693,0.59,0.0,1,0.327,-12.1,0,0.752,175.8,4,https://api.spotify.com/v1/tracks/1ZSOShzpHy3rGVkgfc0t8H,audio_features,spotify:track:1ZSOShzpHy3rGVkgfc0t8H,0.907,Boom Bap
Nocturnal (Explicit),Heltah Skeltah,Heltah Skeltah,3RvFnZZz1x00l8FIHE5wxx,303000,Leflaur Leflah Eshkoshka,1996,0.0241,https://api.spotify.com/v1/audio-analysis/3RvFnZZz1x00l8FIHE5wxx,0.797,303000,0.547,0.0,11,0.313,-10.875,0,0.355,92.12,4,https://api.spotify.com/v1/tracks/3RvFnZZz1x00l8FIHE5wxx,audio_features,spotify:track:3RvFnZZz1x00l8FIHE5wxx,0.71,Boom Bap
Blah Blah Blah,Blahzay Blahzay,Blahzay Blahzay,5hHdrN23SMuJkAsoyUcN24,225266,Danger - Original Mix,1996,0.405,https://api.spotify.com/v1/audio-analysis/5hHdrN23SMuJkAsoyUcN24,0.797,225267,0.744,0.0,11,0.364,-7.966,1,0.362,88.84,4,https://api.spotify.com/v1/tracks/5hHdrN23SMuJkAsoyUcN24,audio_features,spotify:track:5hHdrN23SMuJkAsoyUcN24,0.794,Boom Bap
Profilin': The Hits,Camp Lo,Camp Lo,2OXAWAySnYPJHLvgLX5fFT,239533,Luchini Aka This Is It,1990,0.0469,https://api.spotify.com/v1/audio-analysis/2OXAWAySnYPJHLvgLX5fFT,0.693,239533,0.905,0.0,0,0.268,-8.701,1,0.303,82.911,4,https://api.spotify.com/v1/tracks/2OXAWAySnYPJHLvgLX5fFT,audio_features,spotify:track:2OXAWAySnYPJHLvgLX5fFT,0.832,Boom Bap
Liquid Swords,GZA,"GZA, Masta Killa, Dreddy Kruger, Inspectah Deck, Ol' Dirty Bastard",1OYjATyA5kqLK3CfYfvg3y,246226,Duel Of The Iron Mic,1995,0.101,https://api.spotify.com/v1/audio-analysis/1OYjATyA5kqLK3CfYfvg3y,0.705,246227,0.67,0.0,0,0.327,-5.263,1,0.305,91.0,4,https://api.spotify.com/v1/tracks/1OYjATyA5kqLK3CfYfvg3y,audio_features,spotify:track:1OYjATyA5kqLK3CfYfvg3y,0.291,Boom Bap
Crooklyn Volume 1 (Music From The Motion Picture),Crooklyn Dodgers,"Crooklyn Dodgers, Buck Shot, Special Ed, Master Ace",0vq8NI0gSVHC1N7sYa1PVq,273453,Crooklyn - Crooklyn/Soundtrack Version,1994,0.024,https://api.spotify.com/v1/audio-analysis/0vq8NI0gSVHC1N7sYa1PVq,0.841,273453,0.485,1.47e-05,8,0.863,-9.859,1,0.242,95.458,4,https://api.spotify.com/v1/tracks/0vq8NI0gSVHC1N7sYa1PVq,audio_features,spotify:track:0vq8NI0gSVHC1N7sYa1PVq,0.599,Boom Bap
The Legacy: The Best Of Big Pun,The Beatnuts,"The Beatnuts, Big Pun, Cuban Linx",3zoExZ6fKHXOUbZfS0zT3C,167520,Off the Books (feat. Big Punisher & Cuban Linx),2009,0.00671,https://api.spotify.com/v1/audio-analysis/3zoExZ6fKHXOUbZfS0zT3C,0.84,167520,0.797,0.00434,11,0.0951,-2.858,0,0.165,100.497,4,https://api.spotify.com/v1/tracks/3zoExZ6fKHXOUbZfS0zT3C,audio_features,spotify:track:3zoExZ6fKHXOUbZfS0zT3C,0.743,Boom Bap
The War Report,Capone-N-Noreaga,"Capone-N-Noreaga, Tragedy Khadafi",70usN5I0KNmTvMdEwDDWpL,268586,T.O.N.Y. (Top Of New York),1997,0.0793,https://api.spotify.com/v1/audio-analysis/70usN5I0KNmTvMdEwDDWpL,0.691,268587,0.733,0.0,8,0.116,-6.038,0,0.47,169.938,4,https://api.spotify.com/v1/tracks/70usN5I0KNmTvMdEwDDWpL,audio_features,spotify:track:70usN5I0KNmTvMdEwDDWpL,0.533,Boom Bap
Don Cartagena,Fat Joe,"Fat Joe, Nas, Big Pun, Jadikiss, Raekwon",7t5t1cg1BcS0CdPE8YNLJe,290400,"John Blaze (feat. Nas, Big Punisher, Jadikiss and Raekwon)",1998,0.1,https://api.spotify.com/v1/audio-analysis/7t5t1cg1BcS0CdPE8YNLJe,0.694,290400,0.89,0.0,6,0.0514,-3.918,0,0.331,91.238,4,https://api.spotify.com/v1/tracks/7t5t1cg1BcS0CdPE8YNLJe,audio_features,spotify:track:7t5t1cg1BcS0CdPE8YNLJe,0.748,Boom Bap
The Infamous,Mobb Deep,Mobb Deep,33ZXjLCpiINn8eQIDYEPTD,325506,"Shook Ones, Pt. II",1995,0.0146,https://api.spotify.com/v1/audio-analysis/33ZXjLCpiINn8eQIDYEPTD,0.763,325507,0.786,0.0114,10,0.0817,-6.472,0,0.229,93.857,4,https://api.spotify.com/v1/tracks/33ZXjLCpiINn8eQIDYEPTD,audio_features,spotify:track:33ZXjLCpiINn8eQIDYEPTD,0.504,Boom Bap
Bacdafucup,Onyx,Onyx,0W2mz7mvaBaEsC4rmoRNPn,218506,Slam,1993,0.0706,https://api.spotify.com/v1/audio-analysis/0W2mz7mvaBaEsC4rmoRNPn,0.879,218507,0.692,0.00426,4,0.915,-12.958,1,0.352,98.329,4,https://api.spotify.com/v1/tracks/0W2mz7mvaBaEsC4rmoRNPn,audio_features,spotify:track:0W2mz7mvaBaEsC4rmoRNPn,0.804,Boom Bap
Hard To Earn,Gang Starr,Gang Starr,7vcepKD1pjulQvPOkiQmUe,243266,DWYCK - Feat. Nice and Smooth,1994,0.00432,https://api.spotify.com/v1/audio-analysis/7vcepKD1pjulQvPOkiQmUe,0.911,243267,0.614,8.75e-06,7,0.0985,-11.176,1,0.338,99.025,4,https://api.spotify.com/v1/tracks/7vcepKD1pjulQvPOkiQmUe,audio_features,spotify:track:7vcepKD1pjulQvPOkiQmUe,0.601,Boom Bap
When Disaster Strikes,Busta Rhymes,Busta Rhymes,1NHwvBmrUje4L1dxfWnXCH,194293,Put Your Hands Where My Eyes Could See,1997,0.00864,https://api.spotify.com/v1/audio-analysis/1NHwvBmrUje4L1dxfWnXCH,0.906,194293,0.623,4.19e-06,1,0.0753,-6.711,0,0.303,99.498,4,https://api.spotify.com/v1/tracks/1NHwvBmrUje4L1dxfWnXCH,audio_features,spotify:track:1NHwvBmrUje4L1dxfWnXCH,0.715,Boom Bap
Live and Let Die (Deluxe Version),Kool G Rap & DJ Polo,Kool G Rap & DJ Polo,5t7VSlim3ULPj2uIDWVi7e,226306,Ill Street Blues,2008,0.105,https://api.spotify.com/v1/audio-analysis/5t7VSlim3ULPj2uIDWVi7e,0.699,226307,0.692,0.0,2,0.096,-8.282,1,0.426,178.099,4,https://api.spotify.com/v1/tracks/5t7VSlim3ULPj2uIDWVi7e,audio_features,spotify:track:5t7VSlim3ULPj2uIDWVi7e,0.909,Boom Bap
Legal Drug Money,Lost Boyz,Lost Boyz,02nH7HXbs3i9kdWef9or8E,272466,"Jeeps, Lex Coups, Bimaz & Benz",1995,0.00996,https://api.spotify.com/v1/audio-analysis/02nH7HXbs3i9kdWef9or8E,0.598,272467,0.661,0.0,1,0.603,-9.269,0,0.428,177.89,4,https://api.spotify.com/v1/tracks/02nH7HXbs3i9kdWef9or8E,audio_features,spotify:track:02nH7HXbs3i9kdWef9or8E,0.549,Boom Bap
Breaking Atoms (2017 Remastered Version),Main Source,"Main Source, Nas",4PvcavllGpo6lB8VkIgXIZ,275090,Live at the Barbeque - 2017 Remastered Version,2017,0.0794,https://api.spotify.com/v1/audio-analysis/4PvcavllGpo6lB8VkIgXIZ,0.767,275090,0.909,0.0,6,0.389,-4.347,0,0.276,102.074,4,https://api.spotify.com/v1/tracks/4PvcavllGpo6lB8VkIgXIZ,audio_features,spotify:track:4PvcavllGpo6lB8VkIgXIZ,0.39,Boom Bap
Hard Core,Lil' Kim,Lil' Kim,5Pe9H08rkbraYpP3dllcfe,300666,No Time,1996,0.256,https://api.spotify.com/v1/audio-analysis/5Pe9H08rkbraYpP3dllcfe,0.627,300667,0.814,1.15e-06,5,0.285,-5.863,0,0.304,90.42,4,https://api.spotify.com/v1/tracks/5Pe9H08rkbraYpP3dllcfe,audio_features,spotify:track:5Pe9H08rkbraYpP3dllcfe,0.799,Boom Bap
Tical,Method Man,Method Man,3F3R4uyTMkX9jRCEVVmdz6,189760,Bring The Pain,1994,0.428,https://api.spotify.com/v1/audio-analysis/3F3R4uyTMkX9jRCEVVmdz6,0.841,189760,0.458,0.00355,6,0.131,-10.501,0,0.263,101.893,4,https://api.spotify.com/v1/tracks/3F3R4uyTMkX9jRCEVVmdz6,audio_features,spotify:track:3F3R4uyTMkX9jRCEVVmdz6,0.224,Boom Bap
Only Built 4 Cuban Linx,Raekwon,"Raekwon, Ghostface Killah, Method Man, Cappadonna",6SI4JD7iyQ0rrudhCNtMv0,253226,Ice Cream,1995,0.219,https://api.spotify.com/v1/audio-analysis/6SI4JD7iyQ0rrudhCNtMv0,0.683,253227,0.902,0.000761,1,0.226,-7.389,0,0.291,90.447,4,https://api.spotify.com/v1/tracks/6SI4JD7iyQ0rrudhCNtMv0,audio_features,spotify:track:6SI4JD7iyQ0rrudhCNtMv0,0.724,Boom Bap
Bad Boy's 10th Anniversary- The Hits,Craig Mack,Craig Mack,5PbFD3AIyunz5HxocduA9e,302013,"Flava In Ya Ear Remix - feat. Notorious B.I.G., L.L. Cool J, Busta Rhymes, Rampage",2004,0.272,https://api.spotify.com/v1/audio-analysis/5PbFD3AIyunz5HxocduA9e,0.52,302013,0.847,0.0,9,0.325,-5.3,1,0.427,177.371,4,https://api.spotify.com/v1/tracks/5PbFD3AIyunz5HxocduA9e,audio_features,spotify:track:5PbFD3AIyunz5HxocduA9e,0.799,Boom Bap
A Wolf In Sheep's Clothing,Black Sheep,Black Sheep,4k9EkhkFZY8Bk41Qi0Ob7P,243200,The Choice Is Yours (Revisited),1991,0.0403,https://api.spotify.com/v1/audio-analysis/4k9EkhkFZY8Bk41Qi0Ob7P,0.847,243200,0.684,0.0,10,0.0781,-12.048,0,0.248,101.277,4,https://api.spotify.com/v1/tracks/4k9EkhkFZY8Bk41Qi0Ob7P,audio_features,spotify:track:4k9EkhkFZY8Bk41Qi0Ob7P,0.688,Boom Bap
No Way Out,Diddy,"Diddy, Lil' Kim, The Notorious B.I.G., The Lox",3GMR3hyv8BccozoebVMve3,278200,"It's All About The Benjamins (feat. The Notorious B.I.G., Lil' Kim & The Lox) - Remix",1997,0.0405,https://api.spotify.com/v1/audio-analysis/3GMR3hyv8BccozoebVMve3,0.856,278200,0.696,8.75e-06,6,0.0901,-3.51,1,0.226,89.738,4,https://api.spotify.com/v1/tracks/3GMR3hyv8BccozoebVMve3,audio_features,spotify:track:3GMR3hyv8BccozoebVMve3,0.718,Boom Bap
Ready To Die The Remaster,The Notorious B.I.G.,The Notorious B.I.G.,5ByAIlEEnxYdvpnezg7HTX,302693,Juicy,1994,0.472,https://api.spotify.com/v1/audio-analysis/5ByAIlEEnxYdvpnezg7HTX,0.889,302693,0.816,0.0,9,0.204,-4.67,1,0.247,96.056,4,https://api.spotify.com/v1/tracks/5ByAIlEEnxYdvpnezg7HTX,audio_features,spotify:track:5ByAIlEEnxYdvpnezg7HTX,0.777,Boom Bap
Illmatic XX,Nas,Nas,5zwz05jkQVT68CjUpPwFZe,293973,N.Y. State of Mind,1994,0.0394,https://api.spotify.com/v1/audio-analysis/5zwz05jkQVT68CjUpPwFZe,0.665,293973,0.91,0.0,6,0.227,-4.682,0,0.223,84.099,4,https://api.spotify.com/v1/tracks/5zwz05jkQVT68CjUpPwFZe,audio_features,spotify:track:5zwz05jkQVT68CjUpPwFZe,0.887,Boom Bap
Here Come the Lords,Lords Of The Underground,Lords Of The Underground,34MRi5GRWHFUa731JBxFEl,247400,Chief Rocka,1993,0.174,https://api.spotify.com/v1/audio-analysis/34MRi5GRWHFUa731JBxFEl,0.89,247400,0.716,0.000589,1,0.0657,-9.673,1,0.296,99.988,4,https://api.spotify.com/v1/tracks/34MRi5GRWHFUa731JBxFEl,audio_features,spotify:track:34MRi5GRWHFUa731JBxFEl,0.656,Boom Bap
Mecca And The Soul Brother,Pete Rock & C.L. Smooth,Pete Rock & C.L. Smooth,2Mb3zpobD0CvJGWv6NpsPy,286693,They Reminisce Over You,1992,0.141,https://api.spotify.com/v1/audio-analysis/2Mb3zpobD0CvJGWv6NpsPy,0.761,286693,0.683,0.0,2,0.342,-10.889,1,0.164,101.787,4,https://api.spotify.com/v1/tracks/2Mb3zpobD0CvJGWv6NpsPy,audio_features,spotify:track:2Mb3zpobD0CvJGWv6NpsPy,0.671,Boom Bap
Hard To Earn,Gang Starr,Gang Starr,3lGBvPUgO7MJltUnBlOpe9,221026,Mass Appeal,1994,0.0208,https://api.spotify.com/v1/audio-analysis/3lGBvPUgO7MJltUnBlOpe9,0.808,221027,0.726,0.276,10,0.129,-8.435,0,0.252,96.12,4,https://api.spotify.com/v1/tracks/3lGBvPUgO7MJltUnBlOpe9,audio_features,spotify:track:3lGBvPUgO7MJltUnBlOpe9,0.616,Boom Bap
Dah Shinin',Smif-N-Wessun,Smif-N-Wessun,3enjxX3aOAsFyaKeH1O9jO,259320,Sound Bwoy Bureill,1995,0.138,https://api.spotify.com/v1/audio-analysis/3enjxX3aOAsFyaKeH1O9jO,0.708,259453,0.305,3.08e-06,9,0.139,-14.003,1,0.817,174.154,4,https://api.spotify.com/v1/tracks/3enjxX3aOAsFyaKeH1O9jO,audio_features,spotify:track:3enjxX3aOAsFyaKeH1O9jO,0.691,Boom Bap
The Best Of Organized Konfusion,Organized Konfusion,Organized Konfusion,4Yt9UUpu7qgOUlwf7NUJ1I,238040,Stress,2005,0.157,https://api.spotify.com/v1/audio-analysis/4Yt9UUpu7qgOUlwf7NUJ1I,0.471,238040,0.932,0.0,11,0.113,-7.448,1,0.822,178.227,4,https://api.spotify.com/v1/tracks/4Yt9UUpu7qgOUlwf7NUJ1I,audio_features,spotify:track:4Yt9UUpu7qgOUlwf7NUJ1I,0.316,Boom Bap
Whut? The Album,Redman,Redman,67mtN6BlsJR0LVyzvNZnGt,202066,Tonight's Da Night,1992,0.233,https://api.spotify.com/v1/audio-analysis/67mtN6BlsJR0LVyzvNZnGt,0.683,202067,0.674,2.18e-05,10,0.266,-11.25,0,0.407,89.95,4,https://api.spotify.com/v1/tracks/67mtN6BlsJR0LVyzvNZnGt,audio_features,spotify:track:67mtN6BlsJR0LVyzvNZnGt,0.861,Boom Bap
The Infamous,Mobb Deep,Mobb Deep,7N1Vjtzr1lmmCW9iasQ8YO,224533,Survival of the Fittest,1995,0.125,https://api.spotify.com/v1/audio-analysis/7N1Vjtzr1lmmCW9iasQ8YO,0.813,224533,0.703,1.26e-06,11,0.237,-5.077,0,0.268,94.828,4,https://api.spotify.com/v1/tracks/7N1Vjtzr1lmmCW9iasQ8YO,audio_features,spotify:track:7N1Vjtzr1lmmCW9iasQ8YO,0.241,Boom Bap
Enter The Wu-Tang (36 Chambers) [Expanded Edition],Wu-Tang Clan,Wu-Tang Clan,1Sgj10byiGzPpI2IrXSFEn,291066,Protect Ya Neck,1993,0.032,https://api.spotify.com/v1/audio-analysis/1Sgj10byiGzPpI2IrXSFEn,0.817,291067,0.552,7.17e-06,8,0.826,-10.8,0,0.386,102.011,4,https://api.spotify.com/v1/tracks/1Sgj10byiGzPpI2IrXSFEn,audio_features,spotify:track:1Sgj10byiGzPpI2IrXSFEn,0.808,Boom Bap
Regulate… G Funk Era (Special Edition),Warren G,Warren G,1MUgIUkMkEzybR9HZnyVmj,176626,Super Soul Sis,1994,0.0437,https://api.spotify.com/v1/audio-analysis/1MUgIUkMkEzybR9HZnyVmj,0.807,176627,0.5,0.0,6,0.119,-9.601,1,0.314,86.898,4,https://api.spotify.com/v1/tracks/1MUgIUkMkEzybR9HZnyVmj,audio_features,spotify:track:1MUgIUkMkEzybR9HZnyVmj,0.541,G-Funk
Above The Rim,The Lady Of Rage,The Lady Of Rage,287tdUcso07UAu5jxXB2BQ,288333,Afro Puffs,2001,0.0424,https://api.spotify.com/v1/audio-analysis/287tdUcso07UAu5jxXB2BQ,0.799,288333,0.876,1.08e-06,10,0.308,-3.661,0,0.242,91.35,4,https://api.spotify.com/v1/tracks/287tdUcso07UAu5jxXB2BQ,audio_features,spotify:track:287tdUcso07UAu5jxXB2BQ,0.525,G-Funk
It Takes a Thief,Coolio,Coolio,3QlTzofanSqDWywxEzGGE2,334440,Fantastic Voyage,1994,0.0389,https://api.spotify.com/v1/audio-analysis/3QlTzofanSqDWywxEzGGE2,0.888,334440,0.584,3.25e-06,7,0.0625,-13.308,1,0.112,104.704,4,https://api.spotify.com/v1/tracks/3QlTzofanSqDWywxEzGGE2,audio_features,spotify:track:3QlTzofanSqDWywxEzGGE2,0.762,G-Funk
"West Coast Livin', Volume Three",Above The Law,Above The Law,2RTXQxmxGfG6yLBvA0hULI,232409,Black Superman,2013,0.000373,https://api.spotify.com/v1/audio-analysis/2RTXQxmxGfG6yLBvA0hULI,0.546,232409,0.796,0.0,0,0.0505,-4.697,1,0.269,175.136,4,https://api.spotify.com/v1/tracks/2RTXQxmxGfG6yLBvA0hULI,audio_features,spotify:track:2RTXQxmxGfG6yLBvA0hULI,0.25,G-Funk
Starring...Eazy E,Penthouse Players Clique,"Penthouse Players Clique, Eazy-E, DJ Quik, AMG",3wKZvMBcb14JJ3FL0YweD2,303400,"Trust No Bitch - Feat. D.J. Quik, Eazy-E & AMG",2007,0.0237,https://api.spotify.com/v1/audio-analysis/3wKZvMBcb14JJ3FL0YweD2,0.844,303400,0.858,0.0,4,0.159,-3.525,0,0.265,90.146,4,https://api.spotify.com/v1/tracks/3wKZvMBcb14JJ3FL0YweD2,audio_features,spotify:track:3wKZvMBcb14JJ3FL0YweD2,0.507,G-Funk
Who Ride Wit Us: Kurupt's Greatest Hits,Kurupt,"Kurupt, Daz Dillinger",6xuDdxxaoyzd6w4iBj5riU,261173,Who Ride Wit Us,2014,0.167,https://api.spotify.com/v1/audio-analysis/6xuDdxxaoyzd6w4iBj5riU,0.873,261173,0.824,0.0,9,0.562,-5.652,1,0.343,104.973,4,https://api.spotify.com/v1/tracks/6xuDdxxaoyzd6w4iBj5riU,audio_features,spotify:track:6xuDdxxaoyzd6w4iBj5riU,0.64,G-Funk
Conversation,Twinz,Twinz,13Mzo1l88eZPohxdl5T1qv,221066,Round & Round,1995,0.0122,https://api.spotify.com/v1/audio-analysis/13Mzo1l88eZPohxdl5T1qv,0.815,221067,0.477,8.93e-05,11,0.352,-7.941,0,0.303,95.475,4,https://api.spotify.com/v1/tracks/13Mzo1l88eZPohxdl5T1qv,audio_features,spotify:track:13Mzo1l88eZPohxdl5T1qv,0.539,G-Funk
Curb Servin',Wc And The Maad Circle,Wc And The Maad Circle,3nBeTAYJqOOp2pweHRrmhK,284266,West Up!,1995,0.261,https://api.spotify.com/v1/audio-analysis/3nBeTAYJqOOp2pweHRrmhK,0.843,284267,0.837,0.0,7,0.222,-5.37,1,0.267,89.095,4,https://api.spotify.com/v1/tracks/3nBeTAYJqOOp2pweHRrmhK,audio_features,spotify:track:3nBeTAYJqOOp2pweHRrmhK,0.774,G-Funk
IV Life,King Tee,King Tee,69vk5Y6TB3B647rcKE84qm,249733,Dippin' - Remix,1995,0.0523,https://api.spotify.com/v1/audio-analysis/69vk5Y6TB3B647rcKE84qm,0.758,249733,0.511,0.00922,10,0.158,-6.322,0,0.138,93.684,4,https://api.spotify.com/v1/tracks/69vk5Y6TB3B647rcKE84qm,audio_features,spotify:track:69vk5Y6TB3B647rcKE84qm,0.379,G-Funk
Domino,Domino,Domino,6Q1Aop0fjFcyTXuY8OzxtY,259279,Ghetto Jam,1993,0.0368,https://api.spotify.com/v1/audio-analysis/6Q1Aop0fjFcyTXuY8OzxtY,0.793,259280,0.544,2.09e-06,9,0.335,-12.062,1,0.109,86.574,4,https://api.spotify.com/v1/tracks/6Q1Aop0fjFcyTXuY8OzxtY,audio_features,spotify:track:6Q1Aop0fjFcyTXuY8OzxtY,0.472,G-Funk
"G Funk Classics, Vols. 1 & 2",Nate Dogg,"Nate Dogg, Warren G",7miy73aP7NFhj8PL7V4VqM,274440,Nobody Does It Better,1998,0.462,https://api.spotify.com/v1/audio-analysis/7miy73aP7NFhj8PL7V4VqM,0.741,274440,0.561,0.0,0,0.134,-8.054,1,0.0565,92.042,4,https://api.spotify.com/v1/tracks/7miy73aP7NFhj8PL7V4VqM,audio_features,spotify:track:7miy73aP7NFhj8PL7V4VqM,0.12,G-Funk
Poetic Justice: Music from the Motion Picture,Mista Grimm,Mista Grimm,63KcYWznO0w3J5wymiT9QK,322226,Indo Smoke,1993,0.0288,https://api.spotify.com/v1/audio-analysis/63KcYWznO0w3J5wymiT9QK,0.785,322227,0.556,0.0,0,0.482,-11.7,0,0.271,98.836,4,https://api.spotify.com/v1/tracks/63KcYWznO0w3J5wymiT9QK,audio_features,spotify:track:63KcYWznO0w3J5wymiT9QK,0.601,G-Funk
This Is The Shack,Dove Shack,Dove Shack,7yOze3trRklt4gGPGyjVwN,238800,Summertime In The LBC,1995,0.447,https://api.spotify.com/v1/audio-analysis/7yOze3trRklt4gGPGyjVwN,0.695,238800,0.377,2.62e-05,5,0.0746,-9.586,1,0.034,99.029,4,https://api.spotify.com/v1/tracks/7yOze3trRklt4gGPGyjVwN,audio_features,spotify:track:7yOze3trRklt4gGPGyjVwN,0.468,G-Funk
Informal Introduction (Explicit Version),Shade Sheist,"Shade Sheist, Nate Dogg, Kurupt",3wQ8RcbLwNRH53FelAVCkX,260026,Where I Wanna Be,2002,0.0653,https://api.spotify.com/v1/audio-analysis/3wQ8RcbLwNRH53FelAVCkX,0.838,260027,0.563,0.0128,8,0.12,-7.105,1,0.0698,96.886,4,https://api.spotify.com/v1/tracks/3wQ8RcbLwNRH53FelAVCkX,audio_features,spotify:track:3wQ8RcbLwNRH53FelAVCkX,0.362,G-Funk
Dogg Food,Tha Dogg Pound,Tha Dogg Pound,4cgJF9rKas2H5AC8FnNts0,204440,Let's Play House,1995,0.0919,https://api.spotify.com/v1/audio-analysis/4cgJF9rKas2H5AC8FnNts0,0.822,204440,0.702,0.00559,10,0.191,-4.759,0,0.0755,91.37,4,https://api.spotify.com/v1/tracks/4cgJF9rKas2H5AC8FnNts0,audio_features,spotify:track:4cgJF9rKas2H5AC8FnNts0,0.804,G-Funk
Snoop Dogg Presents Tha Eastsidaz,Tha Eastsidaz,"Tha Eastsidaz, Butch Cassidy",1zIXpzuCC7FM4kECt2eEzu,273466,G'd Up,2001,0.0395,https://api.spotify.com/v1/audio-analysis/1zIXpzuCC7FM4kECt2eEzu,0.908,273467,0.763,0.0,1,0.0646,-5.739,1,0.28,97.106,4,https://api.spotify.com/v1/tracks/1zIXpzuCC7FM4kECt2eEzu,audio_features,spotify:track:1zIXpzuCC7FM4kECt2eEzu,0.593,G-Funk
Street Gospel,Suga Free,Suga Free,3zb1zBmkrPF6VW8RhlSYA1,265000,Why U Bullshittin'?,1997,0.0201,https://api.spotify.com/v1/audio-analysis/3zb1zBmkrPF6VW8RhlSYA1,0.839,265000,0.706,1.43e-06,6,0.339,-4.403,0,0.245,95.047,4,https://api.spotify.com/v1/tracks/3zb1zBmkrPF6VW8RhlSYA1,audio_features,spotify:track:3zb1zBmkrPF6VW8RhlSYA1,0.714,G-Funk
Safe + Sound,DJ Quik,DJ Quik,5xEm63lXBhJKZgjRDMWH3H,352906,Dollaz + Sense,1995,0.0184,https://api.spotify.com/v1/audio-analysis/5xEm63lXBhJKZgjRDMWH3H,0.833,352907,0.64,0.0,10,0.102,-5.674,0,0.219,99.284,4,https://api.spotify.com/v1/tracks/5xEm63lXBhJKZgjRDMWH3H,audio_features,spotify:track:5xEm63lXBhJKZgjRDMWH3H,0.465,G-Funk
Death Certificate (25th Anniversary Edition),Ice Cube,Ice Cube,5FvlQZTm4eOGeUiAB1bKc9,313053,No Vaseline,2017,0.174,https://api.spotify.com/v1/audio-analysis/5FvlQZTm4eOGeUiAB1bKc9,0.558,313053,0.959,0.0,11,0.422,-3.193,0,0.386,104.733,4,https://api.spotify.com/v1/tracks/5FvlQZTm4eOGeUiAB1bKc9,audio_features,spotify:track:5FvlQZTm4eOGeUiAB1bKc9,0.522,G-Funk
Quik Is The Name,DJ Quik,DJ Quik,2hluGQtmPypU3tsQudCQ3U,323266,Tonite,1991,0.0502,https://api.spotify.com/v1/audio-analysis/2hluGQtmPypU3tsQudCQ3U,0.965,323267,0.449,1.17e-06,0,0.267,-15.225,1,0.237,105.392,4,https://api.spotify.com/v1/tracks/2hluGQtmPypU3tsQudCQ3U,audio_features,spotify:track:2hluGQtmPypU3tsQudCQ3U,0.722,G-Funk
Gangsta Memorial (Explicit),Eazy-E,Eazy-E,53BZ6XygAoubR5DU5w38Vq,332733,Real Muthaphuckkin' G's,2007,0.0164,https://api.spotify.com/v1/audio-analysis/53BZ6XygAoubR5DU5w38Vq,0.724,332733,0.853,0.0,11,0.65,-3.895,0,0.283,170.51,4,https://api.spotify.com/v1/tracks/53BZ6XygAoubR5DU5w38Vq,audio_features,spotify:track:53BZ6XygAoubR5DU5w38Vq,0.775,G-Funk
2001,Dr. Dre,"Dr. Dre, Snoop Dogg",4LwU4Vp6od3Sb08CsP99GC,161506,The Next Episode,1999,0.0279,https://api.spotify.com/v1/audio-analysis/4LwU4Vp6od3Sb08CsP99GC,0.916,161507,0.906,0.0,3,0.0803,-2.494,0,0.195,95.3,4,https://api.spotify.com/v1/tracks/4LwU4Vp6od3Sb08CsP99GC,audio_features,spotify:track:4LwU4Vp6od3Sb08CsP99GC,0.291,G-Funk
Regulate… G Funk Era (Special Edition),Warren G,"Warren G, Nate Dogg",7nYvUtkQMx1v80S2FH2s9J,248866,Regulate,1994,0.29,https://api.spotify.com/v1/audio-analysis/7nYvUtkQMx1v80S2FH2s9J,0.845,248867,0.51,2.39e-06,11,0.114,-13.064,0,0.224,95.265,4,https://api.spotify.com/v1/tracks/7nYvUtkQMx1v80S2FH2s9J,audio_features,spotify:track:7nYvUtkQMx1v80S2FH2s9J,0.74,G-Funk
The Predator,Ice Cube,Ice Cube,2qOm7ukLyHUXWyR4ZWLwxA,260000,It Was A Good Day,1992,0.321,https://api.spotify.com/v1/audio-analysis/2qOm7ukLyHUXWyR4ZWLwxA,0.796,260000,0.748,4.94e-05,5,0.217,-5.409,0,0.126,82.384,4,https://api.spotify.com/v1/tracks/2qOm7ukLyHUXWyR4ZWLwxA,audio_features,spotify:track:2qOm7ukLyHUXWyR4ZWLwxA,0.802,G-Funk
Starring...Eazy E,Penthouse Players Clique,Penthouse Players Clique,0gyV6KbUN5HccK8oZt2Ox6,302760,Trust No Bitch - Feat. Eazy-E,2007,0.0202,https://api.spotify.com/v1/audio-analysis/0gyV6KbUN5HccK8oZt2Ox6,0.872,302760,0.857,0.0,4,0.129,-3.566,0,0.166,90.207,4,https://api.spotify.com/v1/tracks/0gyV6KbUN5HccK8oZt2Ox6,audio_features,spotify:track:0gyV6KbUN5HccK8oZt2Ox6,0.551,G-Funk
The Best of 2Pac - Pt. 1: Thug,2Pac,"2Pac, Roger, Dr. Dre",3djNBlI7xOggg7pnsOLaNm,284480,California Love - Original Mix (Explicit),2007,0.033,https://api.spotify.com/v1/audio-analysis/3djNBlI7xOggg7pnsOLaNm,0.77,284480,0.832,0.0,7,0.41,-3.039,1,0.0451,91.513,4,https://api.spotify.com/v1/tracks/3djNBlI7xOggg7pnsOLaNm,audio_features,spotify:track:3djNBlI7xOggg7pnsOLaNm,0.771,G-Funk
Lethal Injection,Ice Cube,Ice Cube,2Ih217RCGAmyQR68Nn7Cqo,232773,You Know How We Do It,1993,0.109,https://api.spotify.com/v1/audio-analysis/2Ih217RCGAmyQR68Nn7Cqo,0.761,232773,0.516,0.0391,10,0.109,-10.593,0,0.0379,92.871,4,https://api.spotify.com/v1/tracks/2Ih217RCGAmyQR68Nn7Cqo,audio_features,spotify:track:2Ih217RCGAmyQR68Nn7Cqo,0.627,G-Funk
Doggystyle,Snoop Dogg,"Snoop Dogg, Daz Dillinger",0WKYRFtH6KKbaNWjsxqm70,211493,Gin And Juice (feat. Dat Nigga Daz),1993,0.0285,https://api.spotify.com/v1/audio-analysis/0WKYRFtH6KKbaNWjsxqm70,0.549,211493,0.853,0.000296,7,0.618,-4.293,1,0.188,94.695,4,https://api.spotify.com/v1/tracks/0WKYRFtH6KKbaNWjsxqm70,audio_features,spotify:track:0WKYRFtH6KKbaNWjsxqm70,0.346,G-Funk
Doggystyle,Snoop Dogg,Snoop Dogg,5XhkV07Vou38wnrzwURUOC,246320,Who Am I (What's My Name)?,1993,0.000136,https://api.spotify.com/v1/audio-analysis/5XhkV07Vou38wnrzwURUOC,0.692,246320,0.833,1.98e-05,7,0.515,-3.974,1,0.0492,96.814,4,https://api.spotify.com/v1/tracks/5XhkV07Vou38wnrzwURUOC,audio_features,spotify:track:5XhkV07Vou38wnrzwURUOC,0.692,G-Funk
Doggystyle,Snoop Dogg,"Snoop Dogg, Kurupt, Nate Dogg, Warren G",4rLpAOk5KVNcqEMK3m6Lje,246346,"Ain't No Fun (If the Homies Cant Have None) (feat. Nate Dogg, Warren G & Kurupt)",1993,0.045,https://api.spotify.com/v1/audio-analysis/4rLpAOk5KVNcqEMK3m6Lje,0.84,246347,0.798,4.32e-05,8,0.172,-5.079,1,0.0699,100.175,4,https://api.spotify.com/v1/tracks/4rLpAOk5KVNcqEMK3m6Lje,audio_features,spotify:track:4rLpAOk5KVNcqEMK3m6Lje,0.695,G-Funk
Doggystyle,Snoop Dogg,Snoop Dogg,1BZm0t49YEhM8xbTINoQKp,280600,Tha Shiznit,1993,0.00197,https://api.spotify.com/v1/audio-analysis/1BZm0t49YEhM8xbTINoQKp,0.769,280600,0.691,0.0,4,0.298,-4.59,0,0.0563,96.792,4,https://api.spotify.com/v1/tracks/1BZm0t49YEhM8xbTINoQKp,audio_features,spotify:track:1BZm0t49YEhM8xbTINoQKp,0.681,G-Funk
Doggystyle,Snoop Dogg,"Snoop Dogg, Nancy Fletcher",1dizvxctg9dHEyaYTFufVi,275893,Gz And Hustlas (feat. Nancy Fletcher),1993,0.164,https://api.spotify.com/v1/audio-analysis/1dizvxctg9dHEyaYTFufVi,0.652,275893,0.814,0.0,1,0.36,-4.901,1,0.31,91.888,4,https://api.spotify.com/v1/tracks/1dizvxctg9dHEyaYTFufVi,audio_features,spotify:track:1dizvxctg9dHEyaYTFufVi,0.788,G-Funk
Doggystyle,Snoop Dogg,"Snoop Dogg, The Dramatics, Tha Dogg Pound",7pf6YT5CmmQxs6Uz7dABNB,338813,Doggy Dogg World (feat. The Dramatics & Tha Dogg Pound),1993,0.0036,https://api.spotify.com/v1/audio-analysis/7pf6YT5CmmQxs6Uz7dABNB,0.685,338813,0.686,0.0,7,0.0959,-6.311,1,0.292,94.188,4,https://api.spotify.com/v1/tracks/7pf6YT5CmmQxs6Uz7dABNB,audio_features,spotify:track:7pf6YT5CmmQxs6Uz7dABNB,0.682,G-Funk
Street Scholars,Sam Sneed,Sam Sneed,0meylmtG6jOV9rtQ0xC87J,233813,U Better Recognize (feat. Dr. Dre),2011,0.0329,https://api.spotify.com/v1/audio-analysis/0meylmtG6jOV9rtQ0xC87J,0.793,233813,0.675,2.36e-05,8,0.237,-6.85,0,0.236,90.347,4,https://api.spotify.com/v1/tracks/0meylmtG6jOV9rtQ0xC87J,audio_features,spotify:track:0meylmtG6jOV9rtQ0xC87J,0.237,G-Funk
Friday (Original Motion Picture Soundtrack),Dr. Dre,Dr. Dre,7jIujRjK5JKNrMCcAvYUTN,305573,Keep Their Heads Ringin',1995,0.0442,https://api.spotify.com/v1/audio-analysis/7jIujRjK5JKNrMCcAvYUTN,0.672,305573,0.785,0.00253,9,0.136,-4.214,0,0.109,90.574,4,https://api.spotify.com/v1/tracks/7jIujRjK5JKNrMCcAvYUTN,audio_features,spotify:track:7jIujRjK5JKNrMCcAvYUTN,0.219,G-Funk
Kuruption!,Kurupt,Kurupt,2OCTC6cPRdI3Dvdb25jRDC,250040,We Can Freak It,1998,0.00673,https://api.spotify.com/v1/audio-analysis/2OCTC6cPRdI3Dvdb25jRDC,0.784,250040,0.57,0.0,10,0.331,-8.086,0,0.149,99.057,4,https://api.spotify.com/v1/tracks/2OCTC6cPRdI3Dvdb25jRDC,audio_features,spotify:track:2OCTC6cPRdI3Dvdb25jRDC,0.605,G-Funk
Regulate… G Funk Era (Special Edition),Warren G,"Warren G, O.G.L.B.",2ImuQo1g14CTR9hZAZD3aQ,203026,This D.J.,1994,0.0327,https://api.spotify.com/v1/audio-analysis/2ImuQo1g14CTR9hZAZD3aQ,0.804,203027,0.438,0.0129,6,0.112,-10.563,0,0.138,92.034,4,https://api.spotify.com/v1/tracks/2ImuQo1g14CTR9hZAZD3aQ,audio_features,spotify:track:2ImuQo1g14CTR9hZAZD3aQ,0.576,G-Funk
Best Of Mack 10,Mack 10,Mack 10,2rwmKpWW6o6anOhvcyiJOw,241360,Nothin' But The Cavi Hit,2007,0.0247,https://api.spotify.com/v1/audio-analysis/2rwmKpWW6o6anOhvcyiJOw,0.852,241360,0.741,0.00106,1,0.0974,-5.435,0,0.135,97.894,4,https://api.spotify.com/v1/tracks/2rwmKpWW6o6anOhvcyiJOw,audio_features,spotify:track:2rwmKpWW6o6anOhvcyiJOw,0.534,G-Funk
Bow Down,Westside Connection,Westside Connection,2Vpj5colB0MPy3Zg5SITEC,206826,Bow Down,1996,0.0208,https://api.spotify.com/v1/audio-analysis/2Vpj5colB0MPy3Zg5SITEC,0.897,206827,0.458,0.0,9,0.419,-11.01,1,0.279,92.928,4,https://api.spotify.com/v1/tracks/2Vpj5colB0MPy3Zg5SITEC,audio_features,spotify:track:2Vpj5colB0MPy3Zg5SITEC,0.513,G-Funk
Above The Rim,Tha Dogg Pound,Tha Dogg Pound,5w8PlPsI3bUYSjNyM43HEK,237133,Big Pimpin',2001,0.018,https://api.spotify.com/v1/audio-analysis/5w8PlPsI3bUYSjNyM43HEK,0.82,237133,0.631,0.0,10,0.376,-7.563,0,0.23,93.647,4,https://api.spotify.com/v1/tracks/5w8PlPsI3bUYSjNyM43HEK,audio_features,spotify:track:5w8PlPsI3bUYSjNyM43HEK,0.53,G-Funk
Born And Raised In Compton: The Greatest Hits,DJ Quik,DJ Quik,1N7qu71GFoEzp7KK10Y7m3,247560,Pitch In OnA Party,1991,0.0629,https://api.spotify.com/v1/audio-analysis/1N7qu71GFoEzp7KK10Y7m3,0.927,247560,0.558,0.0,6,0.0674,-6.666,1,0.236,106.376,4,https://api.spotify.com/v1/tracks/1N7qu71GFoEzp7KK10Y7m3,audio_features,spotify:track:1N7qu71GFoEzp7KK10Y7m3,0.53,G-Funk
Greatest Hits,2Pac,"2Pac, Snoop Dogg",6S5SJlNXgrUBTLa58NMwGk,246666,2 Of Amerikaz Most Wanted,1998,0.0418,https://api.spotify.com/v1/audio-analysis/6S5SJlNXgrUBTLa58NMwGk,0.863,246667,0.881,0.000648,1,0.0512,-3.888,1,0.126,99.255,4,https://api.spotify.com/v1/tracks/6S5SJlNXgrUBTLa58NMwGk,audio_features,spotify:track:6S5SJlNXgrUBTLa58NMwGk,0.842,G-Funk
Dogg Food,Tha Dogg Pound,Tha Dogg Pound,3ooAjhyOZ1xttGD0iq1GVO,290440,"New York, New York",1995,0.0219,https://api.spotify.com/v1/audio-analysis/3ooAjhyOZ1xttGD0iq1GVO,0.827,290440,0.532,2.91e-05,2,0.127,-4.775,1,0.302,87.257,4,https://api.spotify.com/v1/tracks/3ooAjhyOZ1xttGD0iq1GVO,audio_features,spotify:track:3ooAjhyOZ1xttGD0iq1GVO,0.694,G-Funk
Duces 'N Trayz: The Old Fashioned Way,Kokane,"Kokane, Sir Dogg, Snoopy Collins, Tha Eastsidaz",7nbH85acNzcX2WrjAHUVd3,298493,"I Luv It (feat. Kokane, Sir Dogg & Snoopy Collins)",2001,0.0181,https://api.spotify.com/v1/audio-analysis/7nbH85acNzcX2WrjAHUVd3,0.889,298493,0.713,0.0,1,0.0715,-4.845,1,0.228,102.028,4,https://api.spotify.com/v1/tracks/7nbH85acNzcX2WrjAHUVd3,audio_features,spotify:track:7nbH85acNzcX2WrjAHUVd3,0.436,G-Funk
Mack 10,Mack 10,Mack 10,28SF0lKRqso9SSTDpbv991,253800,Foe Life - Feat. Ice Cube,1995,0.0816,https://api.spotify.com/v1/audio-analysis/28SF0lKRqso9SSTDpbv991,0.917,253800,0.665,0.0,8,0.196,-6.053,1,0.0924,91.082,4,https://api.spotify.com/v1/tracks/28SF0lKRqso9SSTDpbv991,audio_features,spotify:track:28SF0lKRqso9SSTDpbv991,0.808,G-Funk
Kuruption!,Kurupt,"Kurupt, Tray Dee, Slip Capone",6S1oHrwjeF66VRUl1b76P6,311666,C-Walk,1998,0.0271,https://api.spotify.com/v1/audio-analysis/6S1oHrwjeF66VRUl1b76P6,0.92,311667,0.449,2.79e-05,0,0.0749,-8.849,1,0.269,94.996,4,https://api.spotify.com/v1/tracks/6S1oHrwjeF66VRUl1b76P6,audio_features,spotify:track:6S1oHrwjeF66VRUl1b76P6,0.631,G-Funk
The Shadiest One,WC,WC,2usvuw8giHNlrFq2onEw74,239466,Just Clownin',1998,0.17,https://api.spotify.com/v1/audio-analysis/2usvuw8giHNlrFq2onEw74,0.941,239467,0.605,2.33e-06,11,0.165,-3.11,0,0.287,96.1,4,https://api.spotify.com/v1/tracks/2usvuw8giHNlrFq2onEw74,audio_features,spotify:track:2usvuw8giHNlrFq2onEw74,0.607,G-Funk
Music And Me,Nate Dogg,Nate Dogg,52riputZ4Vo5PG9MOSy6r5,236226,I Got Love,2001,0.437,https://api.spotify.com/v1/audio-analysis/52riputZ4Vo5PG9MOSy6r5,0.912,236227,0.416,0.306,10,0.09,-5.943,0,0.164,90.013,4,https://api.spotify.com/v1/tracks/52riputZ4Vo5PG9MOSy6r5,audio_features,spotify:track:52riputZ4Vo5PG9MOSy6r5,0.677,G-Funk
Safe + Sound,DJ Quik,DJ Quik,7sdPfA9e6rtF9JfAzllLA2,355440,Somethin' 4 tha Mood,1995,0.143,https://api.spotify.com/v1/audio-analysis/7sdPfA9e6rtF9JfAzllLA2,0.791,355440,0.581,9.44e-06,10,0.162,-10.116,0,0.162,99.003,4,https://api.spotify.com/v1/tracks/7sdPfA9e6rtF9JfAzllLA2,audio_features,spotify:track:7sdPfA9e6rtF9JfAzllLA2,0.764,G-Funk
Hits II,Spice 1,"Spice 1, Luniz, E-40, Mike Marshall, Shock G",5ZY9x3X2CujeJc59pJ9EUV,254560,I Got Five On It Remix,2001,0.234,https://api.spotify.com/v1/audio-analysis/5ZY9x3X2CujeJc59pJ9EUV,0.539,254560,0.584,0.0,10,0.198,-10.616,0,0.335,86.441,4,https://api.spotify.com/v1/tracks/5ZY9x3X2CujeJc59pJ9EUV,audio_features,spotify:track:5ZY9x3X2CujeJc59pJ9EUV,0.674,G-Funk
Savage Mode,21 Savage,"21 Savage, Metro Boomin, Future",6fwdbPMwP1zVStm8FybmkO,258880,X (feat. Future),2016,0.373,https://api.spotify.com/v1/audio-analysis/6fwdbPMwP1zVStm8FybmkO,0.835,258880,0.413,0.00133,1,0.101,-9.81,1,0.396,149.004,4,https://api.spotify.com/v1/tracks/6fwdbPMwP1zVStm8FybmkO,audio_features,spotify:track:6fwdbPMwP1zVStm8FybmkO,0.111,Trap
Culture,Migos,"Migos, Gucci Mane",6p8NuHm8uCGnn2Dtbtf7zE,304041,Slippery (feat. Gucci Mane),2017,0.307,https://api.spotify.com/v1/audio-analysis/6p8NuHm8uCGnn2Dtbtf7zE,0.92,304041,0.674,0.0,1,0.104,-5.662,0,0.264,141.967,4,https://api.spotify.com/v1/tracks/6p8NuHm8uCGnn2Dtbtf7zE,audio_features,spotify:track:6p8NuHm8uCGnn2Dtbtf7zE,0.741,Trap
Luv Is Rage 2,Lil Uzi Vert,Lil Uzi Vert,7GX5flRQZVHRAGd6B4TmDO,182706,XO TOUR Llif3,2017,0.00264,https://api.spotify.com/v1/audio-analysis/7GX5flRQZVHRAGd6B4TmDO,0.732,182707,0.75,0.0,11,0.109,-6.366,0,0.231,155.096,4,https://api.spotify.com/v1/tracks/7GX5flRQZVHRAGd6B4TmDO,audio_features,spotify:track:7GX5flRQZVHRAGd6B4TmDO,0.401,Trap
Without Warning,Offset,"Offset, Metro Boomin",7sO5G9EABYOXQKNPNiE9NR,172800,Ric Flair Drip (& Metro Boomin),2017,0.149,https://api.spotify.com/v1/audio-analysis/7sO5G9EABYOXQKNPNiE9NR,0.88,172800,0.428,5.07e-05,9,0.114,-8.28,1,0.206,100.007,4,https://api.spotify.com/v1/tracks/7sO5G9EABYOXQKNPNiE9NR,audio_features,spotify:track:7sO5G9EABYOXQKNPNiE9NR,0.333,Trap
FUTURE,Future,Future,0VgkVdmE4gld66l8iyGjgx,204600,Mask Off,2017,0.0102,https://api.spotify.com/v1/audio-analysis/0VgkVdmE4gld66l8iyGjgx,0.833,204600,0.434,0.0219,2,0.165,-8.795,1,0.431,150.062,4,https://api.spotify.com/v1/tracks/0VgkVdmE4gld66l8iyGjgx,audio_features,spotify:track:0VgkVdmE4gld66l8iyGjgx,0.281,Trap
DS2 (Deluxe),Future,Future,49zD0wr2S3d0lZPib0K4e1,237400,F*ck Up Some Commas,2015,0.0698,https://api.spotify.com/v1/audio-analysis/49zD0wr2S3d0lZPib0K4e1,0.874,237400,0.568,1.38e-05,11,0.149,-5.896,0,0.224,139.995,4,https://api.spotify.com/v1/tracks/49zD0wr2S3d0lZPib0K4e1,audio_features,spotify:track:49zD0wr2S3d0lZPib0K4e1,0.46,Trap
16 Zips,Young Dolph,"Young Dolph, Jadakiss",3CwskI6t9fDqsJ80uZwg6t,178311,Addicted,2015,0.103,https://api.spotify.com/v1/audio-analysis/3CwskI6t9fDqsJ80uZwg6t,0.719,178312,0.59,0.0,1,0.109,-5.946,1,0.189,135.097,4,https://api.spotify.com/v1/tracks/3CwskI6t9fDqsJ80uZwg6t,audio_features,spotify:track:3CwskI6t9fDqsJ80uZwg6t,0.191,Trap
Lil Boat 2,Lil Yachty,"Lil Yachty, Lil Pump, Offset",3ALgsy4RtDm58xl3VNoSgZ,185883,BABY DADDY,2018,0.00872,https://api.spotify.com/v1/audio-analysis/3ALgsy4RtDm58xl3VNoSgZ,0.972,185883,0.482,0.0,8,0.149,-6.128,1,0.0703,125.014,4,https://api.spotify.com/v1/tracks/3ALgsy4RtDm58xl3VNoSgZ,audio_features,spotify:track:3ALgsy4RtDm58xl3VNoSgZ,0.0767,Trap
Coalition DJs Presents: Certified (feat. Jacquees),T.I.,"T.I., Jacquees",0iXwuwqcP33aAUMIN0Uhns,239255,Certified (feat. Jacquees),2017,0.0257,https://api.spotify.com/v1/audio-analysis/0iXwuwqcP33aAUMIN0Uhns,0.898,239256,0.481,2.57e-06,8,0.113,-6.633,1,0.082,129.962,4,https://api.spotify.com/v1/tracks/0iXwuwqcP33aAUMIN0Uhns,audio_features,spotify:track:0iXwuwqcP33aAUMIN0Uhns,0.457,Trap
34,Rich Homie Quan,Rich Homie Quan,1SNzu8thOiwIeMOPjylCnp,168392,34,2018,0.0341,https://api.spotify.com/v1/audio-analysis/1SNzu8thOiwIeMOPjylCnp,0.835,168392,0.545,0.0,1,0.115,-6.975,1,0.183,140.021,4,https://api.spotify.com/v1/tracks/1SNzu8thOiwIeMOPjylCnp,audio_features,spotify:track:1SNzu8thOiwIeMOPjylCnp,0.382,Trap
I Still Am,Yo Gotti,Yo Gotti,1psC5iHzQxaTMZ5dWGfM6I,149241,Juice,2017,0.00171,https://api.spotify.com/v1/audio-analysis/1psC5iHzQxaTMZ5dWGfM6I,0.887,149242,0.568,1.11e-05,2,0.0812,-5.853,1,0.323,162.038,4,https://api.spotify.com/v1/tracks/1psC5iHzQxaTMZ5dWGfM6I,audio_features,spotify:track:1psC5iHzQxaTMZ5dWGfM6I,0.754,Trap
Ain't No Mixtape Bih 3,Plies,Plies,4GXM7RnKwrWwDuM8KCb1Gp,172904,Rock,2017,0.0952,https://api.spotify.com/v1/audio-analysis/4GXM7RnKwrWwDuM8KCb1Gp,0.953,172905,0.482,0.0,4,0.0913,-11.678,0,0.168,122.138,4,https://api.spotify.com/v1/tracks/4GXM7RnKwrWwDuM8KCb1Gp,audio_features,spotify:track:4GXM7RnKwrWwDuM8KCb1Gp,0.758,Trap
ATLiens,OutKast,OutKast,5aC5KtkmNBfX1iFX4EVfCO,238360,Decatur Psalm,1996,0.316,https://api.spotify.com/v1/audio-analysis/5aC5KtkmNBfX1iFX4EVfCO,0.742,238360,0.627,0.0,4,0.168,-8.921,0,0.326,81.04,4,https://api.spotify.com/v1/tracks/5aC5KtkmNBfX1iFX4EVfCO,audio_features,spotify:track:5aC5KtkmNBfX1iFX4EVfCO,0.586,Trap
Pretty Girls Like Trap Music,2 Chainz,"2 Chainz, Travis Scott",1nX9KhK3Fff27SnrIor2Yb,255560,4 AM,2017,0.122,https://api.spotify.com/v1/audio-analysis/1nX9KhK3Fff27SnrIor2Yb,0.796,255560,0.513,0.0,6,0.15,-7.14,0,0.452,75.018,4,https://api.spotify.com/v1/tracks/1nX9KhK3Fff27SnrIor2Yb,audio_features,spotify:track:1nX9KhK3Fff27SnrIor2Yb,0.235,Trap
123 (with Murda Beatz),Smokepurpp,"Smokepurpp, Murda Beatz",2xCzUIQwX5Y3wEFJnHoc3J,170000,123,2018,0.196,https://api.spotify.com/v1/audio-analysis/2xCzUIQwX5Y3wEFJnHoc3J,0.88,170000,0.61,0.0,9,0.105,-5.257,1,0.402,135.993,4,https://api.spotify.com/v1/tracks/2xCzUIQwX5Y3wEFJnHoc3J,audio_features,spotify:track:2xCzUIQwX5Y3wEFJnHoc3J,0.383,Trap
Plug Walk,Rich The Kid,Rich The Kid,0gD6lWJhbXHWNVwQziSVvl,175510,Plug Walk,2018,0.224,https://api.spotify.com/v1/audio-analysis/0gD6lWJhbXHWNVwQziSVvl,0.882,175511,0.503,0.0,11,0.108,-6.618,1,0.179,95.011,4,https://api.spotify.com/v1/tracks/0gD6lWJhbXHWNVwQziSVvl,audio_features,spotify:track:0gD6lWJhbXHWNVwQziSVvl,0.176,Trap
Bounce Out With That,YBN Nahmir,YBN Nahmir,5lZsh9Qf7CbHI9Fcc7Zcsq,97201,Bounce Out With That,2018,0.037,https://api.spotify.com/v1/audio-analysis/5lZsh9Qf7CbHI9Fcc7Zcsq,0.865,97202,0.652,0.0,8,0.0925,-8.218,1,0.105,94.946,4,https://api.spotify.com/v1/tracks/5lZsh9Qf7CbHI9Fcc7Zcsq,audio_features,spotify:track:5lZsh9Qf7CbHI9Fcc7Zcsq,0.372,Trap
223,Blac Youngsta,Blac Youngsta,0FbSpY8RPxTRxi1Fpj9Dz9,160037,Booty,2018,0.000831,https://api.spotify.com/v1/audio-analysis/0FbSpY8RPxTRxi1Fpj9Dz9,0.938,160038,0.549,0.000243,1,0.082,-8.368,1,0.098,144.005,4,https://api.spotify.com/v1/tracks/0FbSpY8RPxTRxi1Fpj9Dz9,audio_features,spotify:track:0FbSpY8RPxTRxi1Fpj9Dz9,0.412,Trap
Life Of A Hot Boy 2 : Real Trapper,Bankroll Fresh,"Bankroll Fresh, Travis Porter, Street Money Boochie",252gJUec2oDsGBPcxZs4nX,198095,Walked In,2015,0.0361,https://api.spotify.com/v1/audio-analysis/252gJUec2oDsGBPcxZs4nX,0.969,198095,0.491,0.0,2,0.118,-9.859,1,0.233,126.048,4,https://api.spotify.com/v1/tracks/252gJUec2oDsGBPcxZs4nX,audio_features,spotify:track:252gJUec2oDsGBPcxZs4nX,0.768,Trap
Jugg King,Young Scooter,Young Scooter,16sEtZx6F2InPzybZIn96X,209580,Jugg King,2017,0.0939,https://api.spotify.com/v1/audio-analysis/16sEtZx6F2InPzybZIn96X,0.934,209580,0.671,0.0,7,0.0812,-5.458,0,0.151,129.951,4,https://api.spotify.com/v1/tracks/16sEtZx6F2InPzybZIn96X,audio_features,spotify:track:16sEtZx6F2InPzybZIn96X,0.804,Trap
SremmLife,Rae Sremmurd,Rae Sremmurd,4scpF6J5uMBvoh6sFB7EL1,200080,No Type,2015,0.013,https://api.spotify.com/v1/audio-analysis/4scpF6J5uMBvoh6sFB7EL1,0.888,200080,0.483,4.85e-06,6,0.0926,-7.797,1,0.154,125.008,4,https://api.spotify.com/v1/tracks/4scpF6J5uMBvoh6sFB7EL1,audio_features,spotify:track:4scpF6J5uMBvoh6sFB7EL1,0.226,Trap
"Huncho Jack, Jack Huncho",Huncho Jack,"Huncho Jack, Travis Scott, Quavo",5vuiHi3QYbwcm1OKJOYnrf,199227,Huncho Jack,2017,0.0079,https://api.spotify.com/v1/audio-analysis/5vuiHi3QYbwcm1OKJOYnrf,0.793,199227,0.568,0.0,5,0.185,-3.528,0,0.0497,136.931,4,https://api.spotify.com/v1/tracks/5vuiHi3QYbwcm1OKJOYnrf,audio_features,spotify:track:5vuiHi3QYbwcm1OKJOYnrf,0.0611,Trap
Painting Pictures,Kodak Black,Kodak Black,4Q3N4Ct4zCuIHuZ65E3BD4,268186,Tunnel Vision,2017,0.0576,https://api.spotify.com/v1/audio-analysis/4Q3N4Ct4zCuIHuZ65E3BD4,0.497,268187,0.489,9.91e-05,11,0.122,-7.724,0,0.294,171.853,4,https://api.spotify.com/v1/tracks/4Q3N4Ct4zCuIHuZ65E3BD4,audio_features,spotify:track:4Q3N4Ct4zCuIHuZ65E3BD4,0.231,Trap
Ballin',Jeezy,"Jeezy, Lil Wayne",6GXVqMYoap1sYJI4rBeJQD,283093,Ballin',2011,0.0216,https://api.spotify.com/v1/audio-analysis/6GXVqMYoap1sYJI4rBeJQD,0.758,283093,0.727,0.0,1,0.0942,-6.121,0,0.188,142.98,4,https://api.spotify.com/v1/tracks/6GXVqMYoap1sYJI4rBeJQD,audio_features,spotify:track:6GXVqMYoap1sYJI4rBeJQD,0.559,Trap
Flockaveli,Waka Flocka Flame,"Waka Flocka Flame, Roscoe Dash, Wale",03tqyYWC9Um2ZqU0ZN849H,263773,No Hands (feat. Roscoe Dash and Wale),2010,0.00544,https://api.spotify.com/v1/audio-analysis/03tqyYWC9Um2ZqU0ZN849H,0.76,263773,0.595,0.0,1,0.241,-6.366,1,0.0391,131.497,4,https://api.spotify.com/v1/tracks/03tqyYWC9Um2ZqU0ZN849H,audio_features,spotify:track:03tqyYWC9Um2ZqU0ZN849H,0.361,Trap
Mr. Davis,Gucci Mane,"Gucci Mane, Migos",1XRgIKC5TPwo7nWGyKqgG0,233087,I Get The Bag (feat. Migos),2017,0.0232,https://api.spotify.com/v1/audio-analysis/1XRgIKC5TPwo7nWGyKqgG0,0.89,233087,0.633,0.000343,11,0.0993,-5.475,1,0.168,139.948,4,https://api.spotify.com/v1/tracks/1XRgIKC5TPwo7nWGyKqgG0,audio_features,spotify:track:1XRgIKC5TPwo7nWGyKqgG0,0.425,Trap
The Return of East Atlanta Santa,Gucci Mane,"Gucci Mane, Drake",5tFep7dXGd7vEJ668wTPux,190311,Both (feat. Drake),2016,0.119,https://api.spotify.com/v1/audio-analysis/5tFep7dXGd7vEJ668wTPux,0.85,190312,0.405,0.000118,7,0.0707,-7.509,0,0.225,139.976,4,https://api.spotify.com/v1/tracks/5tFep7dXGd7vEJ668wTPux,audio_features,spotify:track:5tFep7dXGd7vEJ668wTPux,0.344,Trap
The State vs. Radric Davis (Deluxe),Gucci Mane,"Gucci Mane, Bun B, Devin The Dude, E-40",3Qll7186UkVC0C6l5vTQE6,317920,"Kush Is My Cologne - feat. Bun B, Devin The Dude, E-40",2009,0.138,https://api.spotify.com/v1/audio-analysis/3Qll7186UkVC0C6l5vTQE6,0.772,317920,0.753,0.0,6,0.218,-5.476,0,0.213,139.143,4,https://api.spotify.com/v1/tracks/3Qll7186UkVC0C6l5vTQE6,audio_features,spotify:track:3Qll7186UkVC0C6l5vTQE6,0.442,Trap
Trials & Tribulations,Ace Hood,"Ace Hood, Future, Rick Ross",0uFvvXbmGIXlf5ZgtHyYpf,269266,Bugatti,2013,0.0168,https://api.spotify.com/v1/audio-analysis/0uFvvXbmGIXlf5ZgtHyYpf,0.607,269267,0.589,0.0,1,0.0855,-4.929,1,0.0542,130.431,4,https://api.spotify.com/v1/tracks/0uFvvXbmGIXlf5ZgtHyYpf,audio_features,spotify:track:0uFvvXbmGIXlf5ZgtHyYpf,0.069,Trap
6 Rings 2 (No Dj),OJ Da Juiceman,OJ Da Juiceman,5O05ZafSo9kLXOSaoTYi0o,167471,No Hook,2013,0.00013,https://api.spotify.com/v1/audio-analysis/5O05ZafSo9kLXOSaoTYi0o,0.805,167471,0.385,0.0,1,0.28,-7.723,1,0.1,128.998,4,https://api.spotify.com/v1/tracks/5O05ZafSo9kLXOSaoTYi0o,audio_features,spotify:track:5O05ZafSo9kLXOSaoTYi0o,0.048,Trap
Look Alive (feat. Drake),BlocBoy JB,"BlocBoy JB, Drake",4qKcDkK6siZ7Jp1Jb4m0aL,181263,Look Alive (feat. Drake),2018,0.00104,https://api.spotify.com/v1/audio-analysis/4qKcDkK6siZ7Jp1Jb4m0aL,0.922,181263,0.581,5.86e-05,10,0.105,-7.495,1,0.27,140.022,4,https://api.spotify.com/v1/tracks/4qKcDkK6siZ7Jp1Jb4m0aL,audio_features,spotify:track:4qKcDkK6siZ7Jp1Jb4m0aL,0.595,Trap
Trap Muzik,T.I.,T.I.,5Rkbnhwkb6oiqq1HQcXirN,347506,Rubber Band Man,2003,0.141,https://api.spotify.com/v1/audio-analysis/5Rkbnhwkb6oiqq1HQcXirN,0.601,347507,0.768,0.0,8,0.482,-5.712,1,0.386,152.45,4,https://api.spotify.com/v1/tracks/5Rkbnhwkb6oiqq1HQcXirN,audio_features,spotify:track:5Rkbnhwkb6oiqq1HQcXirN,0.634,Trap
Hardaway,Derez Deshon,Derez Deshon,4hxfqUojJ5u9SyAjiXevmy,236032,Hardaway,2017,0.118,https://api.spotify.com/v1/audio-analysis/4hxfqUojJ5u9SyAjiXevmy,0.537,236032,0.518,0.0,1,0.146,-5.987,1,0.188,132.527,4,https://api.spotify.com/v1/tracks/4hxfqUojJ5u9SyAjiXevmy,audio_features,spotify:track:4hxfqUojJ5u9SyAjiXevmy,0.427,Trap
AI YoungBoy,YoungBoy Never Broke Again,YoungBoy Never Broke Again,57IRaiAB4hBZu3gnNVZC0v,160000,No Smoke,2017,0.113,https://api.spotify.com/v1/audio-analysis/57IRaiAB4hBZu3gnNVZC0v,0.658,160000,0.736,0.0,9,0.0978,-6.097,0,0.308,143.966,4,https://api.spotify.com/v1/tracks/57IRaiAB4hBZu3gnNVZC0v,audio_features,spotify:track:57IRaiAB4hBZu3gnNVZC0v,0.804,Trap
Harder Than Hard,Lil Baby,Lil Baby,7CEJH5Ed7FBbXF6CqBQPlJ,215423,My Dawg,2017,0.0424,https://api.spotify.com/v1/audio-analysis/7CEJH5Ed7FBbXF6CqBQPlJ,0.942,215423,0.559,0.0,10,0.0938,-6.406,0,0.0638,133.01,4,https://api.spotify.com/v1/tracks/7CEJH5Ed7FBbXF6CqBQPlJ,audio_features,spotify:track:7CEJH5Ed7FBbXF6CqBQPlJ,0.582,Trap
#SantanaWorld (+),Tay-K,"Tay-K, 21 Savage, Young Nudy",7d19457woBxmPRCq255YqM,211875,The Race - Remix,2017,0.00619,https://api.spotify.com/v1/audio-analysis/7d19457woBxmPRCq255YqM,0.75,211875,0.548,0.0,9,0.156,-6.288,1,0.358,160.084,4,https://api.spotify.com/v1/tracks/7d19457woBxmPRCq255YqM,audio_features,spotify:track:7d19457woBxmPRCq255YqM,0.377,Trap
Dark Knight Dummo (Feat. Travis Scott),Trippie Redd,"Trippie Redd, Travis Scott",3YeJXuRSNS5FYwOsDu44kD,256162,Dark Knight Dummo (Feat. Travis Scott),2017,0.15,https://api.spotify.com/v1/audio-analysis/3YeJXuRSNS5FYwOsDu44kD,0.379,256163,0.824,0.0,8,0.138,-2.881,0,0.0975,121.056,4,https://api.spotify.com/v1/tracks/3YeJXuRSNS5FYwOsDu44kD,audio_features,spotify:track:3YeJXuRSNS5FYwOsDu44kD,0.226,Trap
2 Federal,Moneybagg Yo,"Moneybagg Yo, Yo Gotti",6opC9QRzTviOM6y7hYhKh6,204541,Doin 2 Much,2016,0.0649,https://api.spotify.com/v1/audio-analysis/6opC9QRzTviOM6y7hYhKh6,0.832,204542,0.625,0.0,8,0.105,-5.999,0,0.281,130.038,4,https://api.spotify.com/v1/tracks/6opC9QRzTviOM6y7hYhKh6,audio_features,spotify:track:6opC9QRzTviOM6y7hYhKh6,0.574,Trap
Based On A T.R.U. Story (Deluxe),2 Chainz,"2 Chainz, Drake",6j9iyrrmqWlQZ5SD1hSTaq,237826,No Lie,2012,0.0165,https://api.spotify.com/v1/audio-analysis/6j9iyrrmqWlQZ5SD1hSTaq,0.651,237827,0.652,0.0,2,0.387,-5.977,1,0.181,131.089,4,https://api.spotify.com/v1/tracks/6j9iyrrmqWlQZ5SD1hSTaq,audio_features,spotify:track:6j9iyrrmqWlQZ5SD1hSTaq,0.626,Trap
Versace (feat. Drake) [Remix] - Single,Migos,"Migos, Drake",0XGLsSU6wtfnKXiMNvQr61,246047,Versace (Remix),2015,0.0218,https://api.spotify.com/v1/audio-analysis/0XGLsSU6wtfnKXiMNvQr61,0.845,246047,0.705,0.0,6,0.339,-4.271,0,0.243,132.05,4,https://api.spotify.com/v1/tracks/0XGLsSU6wtfnKXiMNvQr61,audio_features,spotify:track:0XGLsSU6wtfnKXiMNvQr61,0.334,Trap
Issa Album,21 Savage,21 Savage,2fQrGHiQOvpL9UgPvtYy6G,220306,Bank Account,2017,0.0151,https://api.spotify.com/v1/audio-analysis/2fQrGHiQOvpL9UgPvtYy6G,0.884,220307,0.346,7.04e-06,8,0.0871,-8.228,0,0.351,75.016,4,https://api.spotify.com/v1/tracks/2fQrGHiQOvpL9UgPvtYy6G,audio_features,spotify:track:2fQrGHiQOvpL9UgPvtYy6G,0.376,Trap
Rubba Band Business,Juicy J,"Juicy J, Wiz Khalifa, Ty Dolla $ign",5HmhfuQOiPFowUEjN6ytZk,195346,Ain't Nothing,2017,0.0031,https://api.spotify.com/v1/audio-analysis/5HmhfuQOiPFowUEjN6ytZk,0.769,195347,0.601,0.0,1,0.272,-8.402,1,0.171,168.996,4,https://api.spotify.com/v1/tracks/5HmhfuQOiPFowUEjN6ytZk,audio_features,spotify:track:5HmhfuQOiPFowUEjN6ytZk,0.448,Trap
Most Known Unknown (New Package-Explicit),Three 6 Mafia,"Three 6 Mafia, Paula Campbell",17ZCxegdCt1y0reBkHVmMB,169186,Hard Out Here for a Pimp,2006,0.022,https://api.spotify.com/v1/audio-analysis/17ZCxegdCt1y0reBkHVmMB,0.85,169187,0.705,0.000939,0,0.0721,-7.537,1,0.0616,160.961,4,https://api.spotify.com/v1/tracks/17ZCxegdCt1y0reBkHVmMB,audio_features,spotify:track:17ZCxegdCt1y0reBkHVmMB,0.839,Trap
Honest,Future,Future,0pT1DW5RUHelpBMyEgWwaU,289786,Sh!t,2014,0.0234,https://api.spotify.com/v1/audio-analysis/0pT1DW5RUHelpBMyEgWwaU,0.935,289787,0.544,0.0,2,0.215,-6.504,1,0.113,105.99,4,https://api.spotify.com/v1/tracks/0pT1DW5RUHelpBMyEgWwaU,audio_features,spotify:track:0pT1DW5RUHelpBMyEgWwaU,0.159,Trap
DAMN.,Kendrick Lamar,Kendrick Lamar,7KXjTSCq5nL1LoYtL7XAwS,177000,HUMBLE.,2017,0.000259,https://api.spotify.com/v1/audio-analysis/7KXjTSCq5nL1LoYtL7XAwS,0.904,177000,0.611,2.03e-05,1,0.0976,-6.842,0,0.0888,150.02,4,https://api.spotify.com/v1/tracks/7KXjTSCq5nL1LoYtL7XAwS,audio_features,spotify:track:7KXjTSCq5nL1LoYtL7XAwS,0.4,Trap
Tha Carter III,Lil Wayne,Lil Wayne,6ScJMrlpiLfZUGtWp4QIVt,221840,A Milli,2008,0.0527,https://api.spotify.com/v1/audio-analysis/6ScJMrlpiLfZUGtWp4QIVt,0.679,221840,0.684,0.000895,6,0.177,-8.559,1,0.278,151.748,4,https://api.spotify.com/v1/tracks/6ScJMrlpiLfZUGtWp4QIVt,audio_features,spotify:track:6ScJMrlpiLfZUGtWp4QIVt,0.755,Trap
Culture II,Migos,"Migos, Nicki Minaj, Cardi B",4wFjTWCunQFKtukqrNijEt,303076,MotorSport,2018,0.0338,https://api.spotify.com/v1/audio-analysis/4wFjTWCunQFKtukqrNijEt,0.896,303077,0.515,0.0,2,0.317,-5.395,1,0.183,138.016,4,https://api.spotify.com/v1/tracks/4wFjTWCunQFKtukqrNijEt,audio_features,spotify:track:4wFjTWCunQFKtukqrNijEt,0.174,Trap
Teflon Don,Rick Ross,"Rick Ross, Styles P",35QGdv6aFbIaLM0Ozr3rHt,250306,B.M.F. (Blowin' Money Fast),2010,0.017,https://api.spotify.com/v1/audio-analysis/35QGdv6aFbIaLM0Ozr3rHt,0.743,250307,0.86,0.0,2,0.22,-4.396,1,0.0549,139.967,4,https://api.spotify.com/v1/tracks/35QGdv6aFbIaLM0Ozr3rHt,audio_features,spotify:track:35QGdv6aFbIaLM0Ozr3rHt,0.333,Trap
EPIC AF,Big Boi,"Big Boi, Killer Mike, Jeezy",5Xi18M1ez4qKWslRjKnqu7,266856,Kill Jill,2017,0.205,https://api.spotify.com/v1/audio-analysis/5Xi18M1ez4qKWslRjKnqu7,0.771,266857,0.527,0.0,7,0.0978,-6.798,0,0.232,139.934,4,https://api.spotify.com/v1/tracks/5Xi18M1ez4qKWslRjKnqu7,audio_features,spotify:track:5Xi18M1ez4qKWslRjKnqu7,0.113,Trap
EPIC AF,Travis Scott,Travis Scott,3BlhdHc9iqLjuEv8aPhymC,191773,Butterfly Effect,2017,0.0249,https://api.spotify.com/v1/audio-analysis/3BlhdHc9iqLjuEv8aPhymC,0.814,191773,0.522,0.0,1,0.111,-7.946,0,0.0715,141.012,4,https://api.spotify.com/v1/tracks/3BlhdHc9iqLjuEv8aPhymC,audio_features,spotify:track:3BlhdHc9iqLjuEv8aPhymC,0.153,Trap
